{
    "$schema": "https://schema.management.azure.com/schemas/2015-01-01/deploymentParameters.json#",
    "contentVersion": "1.0.0.0",
    "parameters": {
        "sites_mu_calculator_name": {
            "value": null
        },
        "sites_QueueTopicConnector_name": {
            "value": null
        },
        "sites_calculator_storage_api_name": {
            "value": null
        },
        "storageAccounts_calculator_name": {
            "value": null
        },
        "serverfarms_ASP_calculator_8822_name": {
            "value": null
        },
        "serverfarms_ASP_calculator_8a6e_name": {
            "value": null
        },
        "serverfarms_ASP_calculator_b5c4_name": {
            "value": null
        },
        "namespaces_calculator_service_bus_name": {
            "value": null
        },
        "databaseAccounts_calculator_cosmos_name": {
            "value": null
        }
    }
}