{
    "$schema": "https://schema.management.azure.com/schemas/2019-04-01/deploymentTemplate.json#",
    "contentVersion": "1.0.0.0",
    "parameters": {
        "sites_mu_calculator_name": {
            "defaultValue": "mu-calculator",
            "type": "String"
        },
        "sites_QueueTopicConnector_name": {
            "defaultValue": "QueueTopicConnector",
            "type": "String"
        },
        "sites_calculator_storage_api_name": {
            "defaultValue": "calculator-storage-api",
            "type": "String"
        },
        "storageAccounts_calculator_name": {
            "defaultValue": "calculator",
            "type": "String"
        },
        "serverfarms_ASP_calculator_8822_name": {
            "defaultValue": "ASP-calculator-8822",
            "type": "String"
        },
        "serverfarms_ASP_calculator_8a6e_name": {
            "defaultValue": "ASP-calculator-8a6e",
            "type": "String"
        },
        "serverfarms_ASP_calculator_b5c4_name": {
            "defaultValue": "ASP-calculator-b5c4",
            "type": "String"
        },
        "namespaces_calculator_service_bus_name": {
            "defaultValue": "calculator-service-bus",
            "type": "String"
        },
        "databaseAccounts_calculator_cosmos_name": {
            "defaultValue": "calculator-cosmos",
            "type": "String"
        }
    },
    "variables": {},
    "resources": [
        {
            "type": "Microsoft.DocumentDB/databaseAccounts",
            "apiVersion": "2022-05-15",
            "name": "[parameters('databaseAccounts_calculator_cosmos_name')]",
            "location": "Central US",
            "tags": {
                "defaultExperience": "Core (SQL)",
                "hidden-cosmos-mmspecial": ""
            },
            "kind": "GlobalDocumentDB",
            "identity": {
                "type": "None"
            },
            "properties": {
                "publicNetworkAccess": "Enabled",
                "enableAutomaticFailover": false,
                "enableMultipleWriteLocations": false,
                "isVirtualNetworkFilterEnabled": false,
                "virtualNetworkRules": [],
                "disableKeyBasedMetadataWriteAccess": false,
                "enableFreeTier": true,
                "enableAnalyticalStorage": false,
                "analyticalStorageConfiguration": {
                    "schemaType": "WellDefined"
                },
                "createMode": "Default",
                "databaseAccountOfferType": "Standard",
                "defaultIdentity": "FirstPartyIdentity",
                "networkAclBypass": "None",
                "disableLocalAuth": false,
                "consistencyPolicy": {
                    "defaultConsistencyLevel": "Session",
                    "maxIntervalInSeconds": 5,
                    "maxStalenessPrefix": 100
                },
                "locations": [
                    {
                        "locationName": "Central US",
                        "provisioningState": "Succeeded",
                        "failoverPriority": 0,
                        "isZoneRedundant": false
                    }
                ],
                "cors": [],
                "capabilities": [],
                "ipRules": [],
                "backupPolicy": {
                    "type": "Continuous"
                },
                "networkAclBypassResourceIds": [],
                "capacity": {
                    "totalThroughputLimit": 1000
                }
            }
        },
        {
            "type": "Microsoft.ServiceBus/namespaces",
            "apiVersion": "2022-01-01-preview",
            "name": "[parameters('namespaces_calculator_service_bus_name')]",
            "location": "West Central US",
            "sku": {
                "name": "Standard",
                "tier": "Standard"
            },
            "properties": {
                "minimumTlsVersion": "1.2",
                "publicNetworkAccess": "Enabled",
                "disableLocalAuth": false,
                "zoneRedundant": false
            }
        },
        {
            "type": "Microsoft.Storage/storageAccounts",
            "apiVersion": "2022-05-01",
            "name": "[parameters('storageAccounts_calculator_name')]",
            "location": "centralus",
            "sku": {
                "name": "Standard_LRS",
                "tier": "Standard"
            },
            "kind": "Storage",
            "properties": {
                "minimumTlsVersion": "TLS1_2",
                "allowBlobPublicAccess": true,
                "networkAcls": {
                    "bypass": "AzureServices",
                    "virtualNetworkRules": [],
                    "ipRules": [],
                    "defaultAction": "Allow"
                },
                "supportsHttpsTrafficOnly": true,
                "encryption": {
                    "services": {
                        "file": {
                            "keyType": "Account",
                            "enabled": true
                        },
                        "blob": {
                            "keyType": "Account",
                            "enabled": true
                        }
                    },
                    "keySource": "Microsoft.Storage"
                }
            }
        },
        {
            "type": "Microsoft.Web/serverfarms",
            "apiVersion": "2022-03-01",
            "name": "[parameters('serverfarms_ASP_calculator_8822_name')]",
            "location": "Central US",
            "sku": {
                "name": "Y1",
                "tier": "Dynamic",
                "size": "Y1",
                "family": "Y",
                "capacity": 0
            },
            "kind": "functionapp",
            "properties": {
                "perSiteScaling": false,
                "elasticScaleEnabled": false,
                "maximumElasticWorkerCount": 1,
                "isSpot": false,
                "reserved": false,
                "isXenon": false,
                "hyperV": false,
                "targetWorkerCount": 0,
                "targetWorkerSizeId": 0,
                "zoneRedundant": false
            }
        },
        {
            "type": "Microsoft.Web/serverfarms",
            "apiVersion": "2022-03-01",
            "name": "[parameters('serverfarms_ASP_calculator_8a6e_name')]",
            "location": "Central US",
            "sku": {
                "name": "Y1",
                "tier": "Dynamic",
                "size": "Y1",
                "family": "Y",
                "capacity": 0
            },
            "kind": "functionapp",
            "properties": {
                "perSiteScaling": false,
                "elasticScaleEnabled": false,
                "maximumElasticWorkerCount": 1,
                "isSpot": false,
                "reserved": false,
                "isXenon": false,
                "hyperV": false,
                "targetWorkerCount": 0,
                "targetWorkerSizeId": 0,
                "zoneRedundant": false
            }
        },
        {
            "type": "Microsoft.Web/serverfarms",
            "apiVersion": "2022-03-01",
            "name": "[parameters('serverfarms_ASP_calculator_b5c4_name')]",
            "location": "Central US",
            "sku": {
                "name": "Y1",
                "tier": "Dynamic",
                "size": "Y1",
                "family": "Y",
                "capacity": 0
            },
            "kind": "functionapp",
            "properties": {
                "perSiteScaling": false,
                "elasticScaleEnabled": false,
                "maximumElasticWorkerCount": 1,
                "isSpot": false,
                "reserved": false,
                "isXenon": false,
                "hyperV": false,
                "targetWorkerCount": 0,
                "targetWorkerSizeId": 0,
                "zoneRedundant": false
            }
        },
        {
            "type": "Microsoft.DocumentDB/databaseAccounts/sqlDatabases",
            "apiVersion": "2022-05-15",
            "name": "[concat(parameters('databaseAccounts_calculator_cosmos_name'), '/Calculator')]",
            "dependsOn": [
                "[resourceId('Microsoft.DocumentDB/databaseAccounts', parameters('databaseAccounts_calculator_cosmos_name'))]"
            ],
            "properties": {
                "resource": {
                    "id": "Calculator"
                }
            }
        },
        {
            "type": "Microsoft.DocumentDB/databaseAccounts/sqlRoleDefinitions",
            "apiVersion": "2022-05-15",
            "name": "[concat(parameters('databaseAccounts_calculator_cosmos_name'), '/00000000-0000-0000-0000-000000000001')]",
            "dependsOn": [
                "[resourceId('Microsoft.DocumentDB/databaseAccounts', parameters('databaseAccounts_calculator_cosmos_name'))]"
            ],
            "properties": {
                "roleName": "Cosmos DB Built-in Data Reader",
                "type": "BuiltInRole",
                "assignableScopes": [
                    "[resourceId('Microsoft.DocumentDB/databaseAccounts', parameters('databaseAccounts_calculator_cosmos_name'))]"
                ],
                "permissions": [
                    {
                        "dataActions": [
                            "Microsoft.DocumentDB/databaseAccounts/readMetadata",
                            "Microsoft.DocumentDB/databaseAccounts/sqlDatabases/containers/executeQuery",
                            "Microsoft.DocumentDB/databaseAccounts/sqlDatabases/containers/readChangeFeed",
                            "Microsoft.DocumentDB/databaseAccounts/sqlDatabases/containers/items/read"
                        ],
                        "notDataActions": []
                    }
                ]
            }
        },
        {
            "type": "Microsoft.DocumentDB/databaseAccounts/sqlRoleDefinitions",
            "apiVersion": "2022-05-15",
            "name": "[concat(parameters('databaseAccounts_calculator_cosmos_name'), '/00000000-0000-0000-0000-000000000002')]",
            "dependsOn": [
                "[resourceId('Microsoft.DocumentDB/databaseAccounts', parameters('databaseAccounts_calculator_cosmos_name'))]"
            ],
            "properties": {
                "roleName": "Cosmos DB Built-in Data Contributor",
                "type": "BuiltInRole",
                "assignableScopes": [
                    "[resourceId('Microsoft.DocumentDB/databaseAccounts', parameters('databaseAccounts_calculator_cosmos_name'))]"
                ],
                "permissions": [
                    {
                        "dataActions": [
                            "Microsoft.DocumentDB/databaseAccounts/readMetadata",
                            "Microsoft.DocumentDB/databaseAccounts/sqlDatabases/containers/*",
                            "Microsoft.DocumentDB/databaseAccounts/sqlDatabases/containers/items/*"
                        ],
                        "notDataActions": []
                    }
                ]
            }
        },
        {
            "type": "Microsoft.ServiceBus/namespaces/AuthorizationRules",
            "apiVersion": "2022-01-01-preview",
            "name": "[concat(parameters('namespaces_calculator_service_bus_name'), '/RootManageSharedAccessKey')]",
            "location": "West Central US",
            "dependsOn": [
                "[resourceId('Microsoft.ServiceBus/namespaces', parameters('namespaces_calculator_service_bus_name'))]"
            ],
            "properties": {
                "rights": [
                    "Listen",
                    "Manage",
                    "Send"
                ]
            }
        },
        {
            "type": "Microsoft.ServiceBus/namespaces/networkRuleSets",
            "apiVersion": "2022-01-01-preview",
            "name": "[concat(parameters('namespaces_calculator_service_bus_name'), '/default')]",
            "location": "West Central US",
            "dependsOn": [
                "[resourceId('Microsoft.ServiceBus/namespaces', parameters('namespaces_calculator_service_bus_name'))]"
            ],
            "properties": {
                "publicNetworkAccess": "Enabled",
                "defaultAction": "Allow",
                "virtualNetworkRules": [],
                "ipRules": []
            }
        },
        {
            "type": "Microsoft.ServiceBus/namespaces/queues",
            "apiVersion": "2022-01-01-preview",
            "name": "[concat(parameters('namespaces_calculator_service_bus_name'), '/operation')]",
            "location": "westcentralus",
            "dependsOn": [
                "[resourceId('Microsoft.ServiceBus/namespaces', parameters('namespaces_calculator_service_bus_name'))]"
            ],
            "properties": {
                "maxMessageSizeInKilobytes": 256,
                "lockDuration": "PT30S",
                "maxSizeInMegabytes": 1024,
                "requiresDuplicateDetection": false,
                "requiresSession": false,
                "defaultMessageTimeToLive": "P14D",
                "deadLetteringOnMessageExpiration": false,
                "enableBatchedOperations": true,
                "duplicateDetectionHistoryTimeWindow": "PT10M",
                "maxDeliveryCount": 10,
                "status": "Active",
                "autoDeleteOnIdle": "P10675199DT2H48M5.4775807S",
                "enablePartitioning": false,
                "enableExpress": false
            }
        },
        {
            "type": "Microsoft.ServiceBus/namespaces/topics",
            "apiVersion": "2022-01-01-preview",
            "name": "[concat(parameters('namespaces_calculator_service_bus_name'), '/multi-storage')]",
            "location": "westcentralus",
            "dependsOn": [
                "[resourceId('Microsoft.ServiceBus/namespaces', parameters('namespaces_calculator_service_bus_name'))]"
            ],
            "properties": {
                "maxMessageSizeInKilobytes": 256,
                "defaultMessageTimeToLive": "P14D",
                "maxSizeInMegabytes": 1024,
                "requiresDuplicateDetection": false,
                "duplicateDetectionHistoryTimeWindow": "PT10M",
                "enableBatchedOperations": true,
                "status": "Active",
                "supportOrdering": true,
                "autoDeleteOnIdle": "P10675199DT2H48M5.4775807S",
                "enablePartitioning": false,
                "enableExpress": false
            }
        },
        {
            "type": "Microsoft.Storage/storageAccounts/blobServices",
            "apiVersion": "2022-05-01",
            "name": "[concat(parameters('storageAccounts_calculator_name'), '/default')]",
            "dependsOn": [
                "[resourceId('Microsoft.Storage/storageAccounts', parameters('storageAccounts_calculator_name'))]"
            ],
            "sku": {
                "name": "Standard_LRS",
                "tier": "Standard"
            },
            "properties": {
                "cors": {
                    "corsRules": []
                },
                "deleteRetentionPolicy": {
                    "allowPermanentDelete": false,
                    "enabled": false
                }
            }
        },
        {
            "type": "Microsoft.Storage/storageAccounts/fileServices",
            "apiVersion": "2022-05-01",
            "name": "[concat(parameters('storageAccounts_calculator_name'), '/default')]",
            "dependsOn": [
                "[resourceId('Microsoft.Storage/storageAccounts', parameters('storageAccounts_calculator_name'))]"
            ],
            "sku": {
                "name": "Standard_LRS",
                "tier": "Standard"
            },
            "properties": {
                "protocolSettings": {
                    "smb": {}
                },
                "cors": {
                    "corsRules": []
                },
                "shareDeleteRetentionPolicy": {
                    "enabled": true,
                    "days": 7
                }
            }
        },
        {
            "type": "Microsoft.Storage/storageAccounts/queueServices",
            "apiVersion": "2022-05-01",
            "name": "[concat(parameters('storageAccounts_calculator_name'), '/default')]",
            "dependsOn": [
                "[resourceId('Microsoft.Storage/storageAccounts', parameters('storageAccounts_calculator_name'))]"
            ],
            "properties": {
                "cors": {
                    "corsRules": []
                }
            }
        },
        {
            "type": "Microsoft.Storage/storageAccounts/tableServices",
            "apiVersion": "2022-05-01",
            "name": "[concat(parameters('storageAccounts_calculator_name'), '/default')]",
            "dependsOn": [
                "[resourceId('Microsoft.Storage/storageAccounts', parameters('storageAccounts_calculator_name'))]"
            ],
            "properties": {
                "cors": {
                    "corsRules": []
                }
            }
        },
        {
            "type": "Microsoft.Web/sites",
            "apiVersion": "2022-03-01",
            "name": "[parameters('sites_calculator_storage_api_name')]",
            "location": "Central US",
            "dependsOn": [
                "[resourceId('Microsoft.Web/serverfarms', parameters('serverfarms_ASP_calculator_8a6e_name'))]"
            ],
            "kind": "functionapp",
            "properties": {
                "enabled": true,
                "hostNameSslStates": [
                    {
                        "name": "[concat(parameters('sites_calculator_storage_api_name'), '.azurewebsites.net')]",
                        "sslState": "Disabled",
                        "hostType": "Standard"
                    },
                    {
                        "name": "[concat(parameters('sites_calculator_storage_api_name'), '.scm.azurewebsites.net')]",
                        "sslState": "Disabled",
                        "hostType": "Repository"
                    }
                ],
                "serverFarmId": "[resourceId('Microsoft.Web/serverfarms', parameters('serverfarms_ASP_calculator_8a6e_name'))]",
                "reserved": false,
                "isXenon": false,
                "hyperV": false,
                "vnetRouteAllEnabled": false,
                "vnetImagePullEnabled": false,
                "vnetContentShareEnabled": false,
                "siteConfig": {
                    "numberOfWorkers": 1,
                    "acrUseManagedIdentityCreds": false,
                    "alwaysOn": false,
                    "http20Enabled": false,
                    "functionAppScaleLimit": 200,
                    "minimumElasticInstanceCount": 0
                },
                "scmSiteAlsoStopped": false,
                "clientAffinityEnabled": false,
                "clientCertEnabled": false,
                "clientCertMode": "Required",
                "hostNamesDisabled": false,
                "customDomainVerificationId": "EE047DDAAB5C9A93565D9AD2AAB1027EE6D689F32233E39C63D226D3BF3CBA34",
                "containerSize": 1536,
                "dailyMemoryTimeQuota": 0,
                "httpsOnly": true,
                "redundancyMode": "None",
                "storageAccountRequired": false,
                "keyVaultReferenceIdentity": "SystemAssigned"
            }
        },
        {
            "type": "Microsoft.Web/sites",
            "apiVersion": "2022-03-01",
            "name": "[parameters('sites_mu_calculator_name')]",
            "location": "Central US",
            "dependsOn": [
                "[resourceId('Microsoft.Web/serverfarms', parameters('serverfarms_ASP_calculator_b5c4_name'))]"
            ],
            "kind": "functionapp",
            "properties": {
                "enabled": true,
                "hostNameSslStates": [
                    {
                        "name": "[concat(parameters('sites_mu_calculator_name'), '.azurewebsites.net')]",
                        "sslState": "Disabled",
                        "hostType": "Standard"
                    },
                    {
                        "name": "[concat(parameters('sites_mu_calculator_name'), '.scm.azurewebsites.net')]",
                        "sslState": "Disabled",
                        "hostType": "Repository"
                    }
                ],
                "serverFarmId": "[resourceId('Microsoft.Web/serverfarms', parameters('serverfarms_ASP_calculator_b5c4_name'))]",
                "reserved": false,
                "isXenon": false,
                "hyperV": false,
                "vnetRouteAllEnabled": false,
                "vnetImagePullEnabled": false,
                "vnetContentShareEnabled": false,
                "siteConfig": {
                    "numberOfWorkers": 1,
                    "acrUseManagedIdentityCreds": false,
                    "alwaysOn": false,
                    "http20Enabled": false,
                    "functionAppScaleLimit": 200,
                    "minimumElasticInstanceCount": 0
                },
                "scmSiteAlsoStopped": false,
                "clientAffinityEnabled": false,
                "clientCertEnabled": false,
                "clientCertMode": "Required",
                "hostNamesDisabled": false,
                "customDomainVerificationId": "EE047DDAAB5C9A93565D9AD2AAB1027EE6D689F32233E39C63D226D3BF3CBA34",
                "containerSize": 1536,
                "dailyMemoryTimeQuota": 0,
                "httpsOnly": true,
                "redundancyMode": "None",
                "storageAccountRequired": false,
                "keyVaultReferenceIdentity": "SystemAssigned"
            }
        },
        {
            "type": "Microsoft.Web/sites",
            "apiVersion": "2022-03-01",
            "name": "[parameters('sites_QueueTopicConnector_name')]",
            "location": "Central US",
            "dependsOn": [
                "[resourceId('Microsoft.Web/serverfarms', parameters('serverfarms_ASP_calculator_8822_name'))]"
            ],
            "kind": "functionapp",
            "identity": {
                "type": "SystemAssigned"
            },
            "properties": {
                "enabled": true,
                "hostNameSslStates": [
                    {
                        "name": "queuetopicconnector.azurewebsites.net",
                        "sslState": "Disabled",
                        "hostType": "Standard"
                    },
                    {
                        "name": "queuetopicconnector.scm.azurewebsites.net",
                        "sslState": "Disabled",
                        "hostType": "Repository"
                    }
                ],
                "serverFarmId": "[resourceId('Microsoft.Web/serverfarms', parameters('serverfarms_ASP_calculator_8822_name'))]",
                "reserved": false,
                "isXenon": false,
                "hyperV": false,
                "vnetRouteAllEnabled": false,
                "vnetImagePullEnabled": false,
                "vnetContentShareEnabled": false,
                "siteConfig": {
                    "numberOfWorkers": 1,
                    "acrUseManagedIdentityCreds": false,
                    "alwaysOn": false,
                    "http20Enabled": false,
                    "functionAppScaleLimit": 200,
                    "minimumElasticInstanceCount": 0
                },
                "scmSiteAlsoStopped": false,
                "clientAffinityEnabled": false,
                "clientCertEnabled": false,
                "clientCertMode": "Required",
                "hostNamesDisabled": false,
                "customDomainVerificationId": "EE047DDAAB5C9A93565D9AD2AAB1027EE6D689F32233E39C63D226D3BF3CBA34",
                "containerSize": 1536,
                "dailyMemoryTimeQuota": 0,
                "httpsOnly": true,
                "redundancyMode": "None",
                "storageAccountRequired": false,
                "keyVaultReferenceIdentity": "SystemAssigned"
            }
        },
        {
            "type": "Microsoft.Web/sites/basicPublishingCredentialsPolicies",
            "apiVersion": "2022-03-01",
            "name": "[concat(parameters('sites_calculator_storage_api_name'), '/ftp')]",
            "location": "Central US",
            "dependsOn": [
                "[resourceId('Microsoft.Web/sites', parameters('sites_calculator_storage_api_name'))]"
            ],
            "properties": {
                "allow": true
            }
        },
        {
            "type": "Microsoft.Web/sites/basicPublishingCredentialsPolicies",
            "apiVersion": "2022-03-01",
            "name": "[concat(parameters('sites_mu_calculator_name'), '/ftp')]",
            "location": "Central US",
            "dependsOn": [
                "[resourceId('Microsoft.Web/sites', parameters('sites_mu_calculator_name'))]"
            ],
            "properties": {
                "allow": true
            }
        },
        {
            "type": "Microsoft.Web/sites/basicPublishingCredentialsPolicies",
            "apiVersion": "2022-03-01",
            "name": "[concat(parameters('sites_QueueTopicConnector_name'), '/ftp')]",
            "location": "Central US",
            "dependsOn": [
                "[resourceId('Microsoft.Web/sites', parameters('sites_QueueTopicConnector_name'))]"
            ],
            "properties": {
                "allow": true
            }
        },
        {
            "type": "Microsoft.Web/sites/basicPublishingCredentialsPolicies",
            "apiVersion": "2022-03-01",
            "name": "[concat(parameters('sites_calculator_storage_api_name'), '/scm')]",
            "location": "Central US",
            "dependsOn": [
                "[resourceId('Microsoft.Web/sites', parameters('sites_calculator_storage_api_name'))]"
            ],
            "properties": {
                "allow": true
            }
        },
        {
            "type": "Microsoft.Web/sites/basicPublishingCredentialsPolicies",
            "apiVersion": "2022-03-01",
            "name": "[concat(parameters('sites_mu_calculator_name'), '/scm')]",
            "location": "Central US",
            "dependsOn": [
                "[resourceId('Microsoft.Web/sites', parameters('sites_mu_calculator_name'))]"
            ],
            "properties": {
                "allow": true
            }
        },
        {
            "type": "Microsoft.Web/sites/basicPublishingCredentialsPolicies",
            "apiVersion": "2022-03-01",
            "name": "[concat(parameters('sites_QueueTopicConnector_name'), '/scm')]",
            "location": "Central US",
            "dependsOn": [
                "[resourceId('Microsoft.Web/sites', parameters('sites_QueueTopicConnector_name'))]"
            ],
            "properties": {
                "allow": true
            }
        },
        {
            "type": "Microsoft.Web/sites/config",
            "apiVersion": "2022-03-01",
            "name": "[concat(parameters('sites_calculator_storage_api_name'), '/web')]",
            "location": "Central US",
            "dependsOn": [
                "[resourceId('Microsoft.Web/sites', parameters('sites_calculator_storage_api_name'))]"
            ],
            "properties": {
                "numberOfWorkers": 1,
                "defaultDocuments": [
                    "Default.htm",
                    "Default.html",
                    "Default.asp",
                    "index.htm",
                    "index.html",
                    "iisstart.htm",
                    "default.aspx",
                    "index.php"
                ],
                "netFrameworkVersion": "v6.0",
                "requestTracingEnabled": false,
                "remoteDebuggingEnabled": false,
                "httpLoggingEnabled": false,
                "acrUseManagedIdentityCreds": false,
                "logsDirectorySizeLimit": 35,
                "detailedErrorLoggingEnabled": false,
                "publishingUsername": "$calculator-storage-api",
                "scmType": "None",
                "use32BitWorkerProcess": true,
                "webSocketsEnabled": false,
                "alwaysOn": false,
                "managedPipelineMode": "Integrated",
                "virtualApplications": [
                    {
                        "virtualPath": "/",
                        "physicalPath": "site\\wwwroot",
                        "preloadEnabled": false
                    }
                ],
                "loadBalancing": "LeastRequests",
                "experiments": {
                    "rampUpRules": []
                },
                "autoHealEnabled": false,
                "vnetRouteAllEnabled": false,
                "vnetPrivatePortsCount": 0,
                "cors": {
                    "allowedOrigins": [
                        "https://portal.azure.com"
                    ],
                    "supportCredentials": false
                },
                "localMySqlEnabled": false,
                "ipSecurityRestrictions": [
                    {
                        "ipAddress": "Any",
                        "action": "Allow",
                        "priority": 2147483647,
                        "name": "Allow all",
                        "description": "Allow all access"
                    }
                ],
                "scmIpSecurityRestrictions": [
                    {
                        "ipAddress": "Any",
                        "action": "Allow",
                        "priority": 2147483647,
                        "name": "Allow all",
                        "description": "Allow all access"
                    }
                ],
                "scmIpSecurityRestrictionsUseMain": false,
                "http20Enabled": false,
                "minTlsVersion": "1.2",
                "scmMinTlsVersion": "1.2",
                "ftpsState": "FtpsOnly",
                "preWarmedInstanceCount": 0,
                "functionAppScaleLimit": 200,
                "functionsRuntimeScaleMonitoringEnabled": false,
                "minimumElasticInstanceCount": 0,
                "azureStorageAccounts": {}
            }
        },
        {
            "type": "Microsoft.Web/sites/config",
            "apiVersion": "2022-03-01",
            "name": "[concat(parameters('sites_mu_calculator_name'), '/web')]",
            "location": "Central US",
            "dependsOn": [
                "[resourceId('Microsoft.Web/sites', parameters('sites_mu_calculator_name'))]"
            ],
            "properties": {
                "numberOfWorkers": 1,
                "defaultDocuments": [
                    "Default.htm",
                    "Default.html",
                    "Default.asp",
                    "index.htm",
                    "index.html",
                    "iisstart.htm",
                    "default.aspx",
                    "index.php"
                ],
                "netFrameworkVersion": "v6.0",
                "requestTracingEnabled": false,
                "remoteDebuggingEnabled": false,
                "httpLoggingEnabled": false,
                "acrUseManagedIdentityCreds": false,
                "logsDirectorySizeLimit": 35,
                "detailedErrorLoggingEnabled": false,
                "publishingUsername": "$mu-calculator",
                "scmType": "None",
                "use32BitWorkerProcess": true,
                "webSocketsEnabled": false,
                "alwaysOn": false,
                "managedPipelineMode": "Integrated",
                "virtualApplications": [
                    {
                        "virtualPath": "/",
                        "physicalPath": "site\\wwwroot",
                        "preloadEnabled": false
                    }
                ],
                "loadBalancing": "LeastRequests",
                "experiments": {
                    "rampUpRules": []
                },
                "autoHealEnabled": false,
                "vnetRouteAllEnabled": false,
                "vnetPrivatePortsCount": 0,
                "cors": {
                    "allowedOrigins": [
                        "https://portal.azure.com"
                    ],
                    "supportCredentials": false
                },
                "localMySqlEnabled": false,
                "ipSecurityRestrictions": [
                    {
                        "ipAddress": "Any",
                        "action": "Allow",
                        "priority": 2147483647,
                        "name": "Allow all",
                        "description": "Allow all access"
                    }
                ],
                "scmIpSecurityRestrictions": [
                    {
                        "ipAddress": "Any",
                        "action": "Allow",
                        "priority": 2147483647,
                        "name": "Allow all",
                        "description": "Allow all access"
                    }
                ],
                "scmIpSecurityRestrictionsUseMain": false,
                "http20Enabled": false,
                "minTlsVersion": "1.2",
                "scmMinTlsVersion": "1.2",
                "ftpsState": "FtpsOnly",
                "preWarmedInstanceCount": 0,
                "functionAppScaleLimit": 200,
                "functionsRuntimeScaleMonitoringEnabled": false,
                "minimumElasticInstanceCount": 0,
                "azureStorageAccounts": {}
            }
        },
        {
            "type": "Microsoft.Web/sites/config",
            "apiVersion": "2022-03-01",
            "name": "[concat(parameters('sites_QueueTopicConnector_name'), '/web')]",
            "location": "Central US",
            "dependsOn": [
                "[resourceId('Microsoft.Web/sites', parameters('sites_QueueTopicConnector_name'))]"
            ],
            "properties": {
                "numberOfWorkers": 1,
                "defaultDocuments": [
                    "Default.htm",
                    "Default.html",
                    "Default.asp",
                    "index.htm",
                    "index.html",
                    "iisstart.htm",
                    "default.aspx",
                    "index.php"
                ],
                "netFrameworkVersion": "v6.0",
                "requestTracingEnabled": false,
                "remoteDebuggingEnabled": false,
                "httpLoggingEnabled": false,
                "acrUseManagedIdentityCreds": false,
                "logsDirectorySizeLimit": 35,
                "detailedErrorLoggingEnabled": false,
                "publishingUsername": "$QueueTopicConnector",
                "scmType": "None",
                "use32BitWorkerProcess": true,
                "webSocketsEnabled": false,
                "alwaysOn": false,
                "managedPipelineMode": "Integrated",
                "virtualApplications": [
                    {
                        "virtualPath": "/",
                        "physicalPath": "site\\wwwroot",
                        "preloadEnabled": false
                    }
                ],
                "loadBalancing": "LeastRequests",
                "experiments": {
                    "rampUpRules": []
                },
                "autoHealEnabled": false,
                "vnetRouteAllEnabled": false,
                "vnetPrivatePortsCount": 0,
                "cors": {
                    "allowedOrigins": [
                        "https://portal.azure.com"
                    ],
                    "supportCredentials": false
                },
                "localMySqlEnabled": false,
                "managedServiceIdentityId": 11916,
                "ipSecurityRestrictions": [
                    {
                        "ipAddress": "Any",
                        "action": "Allow",
                        "priority": 2147483647,
                        "name": "Allow all",
                        "description": "Allow all access"
                    }
                ],
                "scmIpSecurityRestrictions": [
                    {
                        "ipAddress": "Any",
                        "action": "Allow",
                        "priority": 2147483647,
                        "name": "Allow all",
                        "description": "Allow all access"
                    }
                ],
                "scmIpSecurityRestrictionsUseMain": false,
                "http20Enabled": false,
                "minTlsVersion": "1.2",
                "scmMinTlsVersion": "1.2",
                "ftpsState": "FtpsOnly",
                "preWarmedInstanceCount": 0,
                "functionAppScaleLimit": 200,
                "functionsRuntimeScaleMonitoringEnabled": false,
                "minimumElasticInstanceCount": 0,
                "azureStorageAccounts": {}
            }
        },
        {
            "type": "Microsoft.Web/sites/deployments",
            "apiVersion": "2022-03-01",
            "name": "[concat(parameters('sites_calculator_storage_api_name'), '/03a3d71f4ff54036a56d074848d34548')]",
            "location": "Central US",
            "dependsOn": [
                "[resourceId('Microsoft.Web/sites', parameters('sites_calculator_storage_api_name'))]"
            ],
            "properties": {
                "status": 4,
                "author_email": "N/A",
                "author": "N/A",
                "deployer": "ZipDeploy",
                "message": "Created via a push deployment",
                "start_time": "2022-09-13T17:57:16.4333007Z",
                "end_time": "2022-09-13T17:57:18.0898326Z",
                "active": false
            }
        },
        {
            "type": "Microsoft.Web/sites/deployments",
            "apiVersion": "2022-03-01",
            "name": "[concat(parameters('sites_calculator_storage_api_name'), '/0b022b9e4ff144e283f54172560a3215')]",
            "location": "Central US",
            "dependsOn": [
                "[resourceId('Microsoft.Web/sites', parameters('sites_calculator_storage_api_name'))]"
            ],
            "properties": {
                "status": 4,
                "author_email": "N/A",
                "author": "N/A",
                "deployer": "ZipDeploy",
                "message": "Created via a push deployment",
                "start_time": "2022-09-15T01:54:09.0423118Z",
                "end_time": "2022-09-15T01:54:10.9200377Z",
                "active": false
            }
        },
        {
            "type": "Microsoft.Web/sites/deployments",
            "apiVersion": "2022-03-01",
            "name": "[concat(parameters('sites_QueueTopicConnector_name'), '/0e55b5cd4bc04451961918b4dd3d8cea')]",
            "location": "Central US",
            "dependsOn": [
                "[resourceId('Microsoft.Web/sites', parameters('sites_QueueTopicConnector_name'))]"
            ],
            "properties": {
                "status": 4,
                "author_email": "N/A",
                "author": "N/A",
                "deployer": "ZipDeploy",
                "message": "Created via a push deployment",
                "start_time": "2022-09-13T18:32:22.7259566Z",
                "end_time": "2022-09-13T18:32:24.6478043Z",
                "active": false
            }
        },
        {
            "type": "Microsoft.Web/sites/deployments",
            "apiVersion": "2022-03-01",
            "name": "[concat(parameters('sites_QueueTopicConnector_name'), '/0fa3b499ab724ccc8a1a1530837860f6')]",
            "location": "Central US",
            "dependsOn": [
                "[resourceId('Microsoft.Web/sites', parameters('sites_QueueTopicConnector_name'))]"
            ],
            "properties": {
                "status": 4,
                "author_email": "N/A",
                "author": "N/A",
                "deployer": "ZipDeploy",
                "message": "Created via a push deployment",
                "start_time": "2022-09-12T20:07:37.3117589Z",
                "end_time": "2022-09-12T20:07:39.0626806Z",
                "active": false
            }
        },
        {
            "type": "Microsoft.Web/sites/deployments",
            "apiVersion": "2022-03-01",
            "name": "[concat(parameters('sites_QueueTopicConnector_name'), '/192d599abb844c7caae7b742cc39fcb1')]",
            "location": "Central US",
            "dependsOn": [
                "[resourceId('Microsoft.Web/sites', parameters('sites_QueueTopicConnector_name'))]"
            ],
            "properties": {
                "status": 4,
                "author_email": "N/A",
                "author": "N/A",
                "deployer": "ZipDeploy",
                "message": "Created via a push deployment",
                "start_time": "2022-09-12T19:24:56.579236Z",
                "end_time": "2022-09-12T19:24:58.7079401Z",
                "active": false
            }
        },
        {
            "type": "Microsoft.Web/sites/deployments",
            "apiVersion": "2022-03-01",
            "name": "[concat(parameters('sites_calculator_storage_api_name'), '/47f3b8fe244b4792b7e4866a9518e4d2')]",
            "location": "Central US",
            "dependsOn": [
                "[resourceId('Microsoft.Web/sites', parameters('sites_calculator_storage_api_name'))]"
            ],
            "properties": {
                "status": 4,
                "author_email": "N/A",
                "author": "N/A",
                "deployer": "ZipDeploy",
                "message": "Created via a push deployment",
                "start_time": "2022-09-13T21:17:09.805908Z",
                "end_time": "2022-09-13T21:17:11.556207Z",
                "active": false
            }
        },
        {
            "type": "Microsoft.Web/sites/deployments",
            "apiVersion": "2022-03-01",
            "name": "[concat(parameters('sites_calculator_storage_api_name'), '/4ed837c093cd462d9ee417819b4a7d35')]",
            "location": "Central US",
            "dependsOn": [
                "[resourceId('Microsoft.Web/sites', parameters('sites_calculator_storage_api_name'))]"
            ],
            "properties": {
                "status": 4,
                "author_email": "N/A",
                "author": "N/A",
                "deployer": "ZipDeploy",
                "message": "Created via a push deployment",
                "start_time": "2022-09-15T02:00:27.3258526Z",
                "end_time": "2022-09-15T02:00:28.858634Z",
                "active": false
            }
        },
        {
            "type": "Microsoft.Web/sites/deployments",
            "apiVersion": "2022-03-01",
            "name": "[concat(parameters('sites_QueueTopicConnector_name'), '/560bf250a63f41559c96d577af184b43')]",
            "location": "Central US",
            "dependsOn": [
                "[resourceId('Microsoft.Web/sites', parameters('sites_QueueTopicConnector_name'))]"
            ],
            "properties": {
                "status": 4,
                "author_email": "N/A",
                "author": "N/A",
                "deployer": "ZipDeploy",
                "message": "Created via a push deployment",
                "start_time": "2022-09-12T14:00:49.632282Z",
                "end_time": "2022-09-12T14:00:51.6167298Z",
                "active": false
            }
        },
        {
            "type": "Microsoft.Web/sites/deployments",
            "apiVersion": "2022-03-01",
            "name": "[concat(parameters('sites_mu_calculator_name'), '/5d310dbef1c7481894665df58682f9bb')]",
            "location": "Central US",
            "dependsOn": [
                "[resourceId('Microsoft.Web/sites', parameters('sites_mu_calculator_name'))]"
            ],
            "properties": {
                "status": 4,
                "author_email": "N/A",
                "author": "N/A",
                "deployer": "ZipDeploy",
                "message": "Created via a push deployment",
                "start_time": "2022-09-11T20:09:29.327051Z",
                "end_time": "2022-09-11T20:09:30.9364066Z",
                "active": false
            }
        },
        {
            "type": "Microsoft.Web/sites/deployments",
            "apiVersion": "2022-03-01",
            "name": "[concat(parameters('sites_QueueTopicConnector_name'), '/5e69a655e4524353939ed6c7b8db4ad8')]",
            "location": "Central US",
            "dependsOn": [
                "[resourceId('Microsoft.Web/sites', parameters('sites_QueueTopicConnector_name'))]"
            ],
            "properties": {
                "status": 4,
                "author_email": "N/A",
                "author": "N/A",
                "deployer": "ZipDeploy",
                "message": "Created via a push deployment",
                "start_time": "2022-09-13T16:23:46.4438215Z",
                "end_time": "2022-09-13T16:23:48.287513Z",
                "active": false
            }
        },
        {
            "type": "Microsoft.Web/sites/deployments",
            "apiVersion": "2022-03-01",
            "name": "[concat(parameters('sites_mu_calculator_name'), '/61fdd342369948c9abec735d744efc2b')]",
            "location": "Central US",
            "dependsOn": [
                "[resourceId('Microsoft.Web/sites', parameters('sites_mu_calculator_name'))]"
            ],
            "properties": {
                "status": 4,
                "author_email": "N/A",
                "author": "N/A",
                "deployer": "ZipDeploy",
                "message": "Created via a push deployment",
                "start_time": "2022-09-11T15:52:42.3436138Z",
                "end_time": "2022-09-11T15:52:44.2352909Z",
                "active": false
            }
        },
        {
            "type": "Microsoft.Web/sites/deployments",
            "apiVersion": "2022-03-01",
            "name": "[concat(parameters('sites_mu_calculator_name'), '/6318ac4c430b45bab81bb219aa36fbe6')]",
            "location": "Central US",
            "dependsOn": [
                "[resourceId('Microsoft.Web/sites', parameters('sites_mu_calculator_name'))]"
            ],
            "properties": {
                "status": 4,
                "author_email": "N/A",
                "author": "N/A",
                "deployer": "ZipDeploy",
                "message": "Created via a push deployment",
                "start_time": "2022-09-13T21:27:44.5747342Z",
                "end_time": "2022-09-13T21:27:47.0439712Z",
                "active": false
            }
        },
        {
            "type": "Microsoft.Web/sites/deployments",
            "apiVersion": "2022-03-01",
            "name": "[concat(parameters('sites_QueueTopicConnector_name'), '/68ad2cad343647c09aeb658faea4da0b')]",
            "location": "Central US",
            "dependsOn": [
                "[resourceId('Microsoft.Web/sites', parameters('sites_QueueTopicConnector_name'))]"
            ],
            "properties": {
                "status": 4,
                "author_email": "N/A",
                "author": "N/A",
                "deployer": "ZipDeploy",
                "message": "Created via a push deployment",
                "start_time": "2022-09-11T20:20:33.6771997Z",
                "end_time": "2022-09-11T20:20:35.2553061Z",
                "active": false
            }
        },
        {
            "type": "Microsoft.Web/sites/deployments",
            "apiVersion": "2022-03-01",
            "name": "[concat(parameters('sites_QueueTopicConnector_name'), '/81c46dc691af4d358f0908ce2b469660')]",
            "location": "Central US",
            "dependsOn": [
                "[resourceId('Microsoft.Web/sites', parameters('sites_QueueTopicConnector_name'))]"
            ],
            "properties": {
                "status": 4,
                "author_email": "N/A",
                "author": "N/A",
                "deployer": "ZipDeploy",
                "message": "Created via a push deployment",
                "start_time": "2022-09-15T01:30:51.1154298Z",
                "end_time": "2022-09-15T01:30:53.1165664Z",
                "active": true
            }
        },
        {
            "type": "Microsoft.Web/sites/deployments",
            "apiVersion": "2022-03-01",
            "name": "[concat(parameters('sites_mu_calculator_name'), '/84240de67f834e38b6d2f8c571579af9')]",
            "location": "Central US",
            "dependsOn": [
                "[resourceId('Microsoft.Web/sites', parameters('sites_mu_calculator_name'))]"
            ],
            "properties": {
                "status": 4,
                "author_email": "N/A",
                "author": "N/A",
                "deployer": "ZipDeploy",
                "message": "Created via a push deployment",
                "start_time": "2022-09-15T01:11:59.6815678Z",
                "end_time": "2022-09-15T01:12:01.6972025Z",
                "active": true
            }
        },
        {
            "type": "Microsoft.Web/sites/deployments",
            "apiVersion": "2022-03-01",
            "name": "[concat(parameters('sites_QueueTopicConnector_name'), '/84d92f0b261c42689d6b5d788807b35f')]",
            "location": "Central US",
            "dependsOn": [
                "[resourceId('Microsoft.Web/sites', parameters('sites_QueueTopicConnector_name'))]"
            ],
            "properties": {
                "status": 4,
                "author_email": "N/A",
                "author": "N/A",
                "deployer": "ZipDeploy",
                "message": "Created via a push deployment",
                "start_time": "2022-09-11T20:45:21.1746977Z",
                "end_time": "2022-09-11T20:45:22.9025035Z",
                "active": false
            }
        },
        {
            "type": "Microsoft.Web/sites/deployments",
            "apiVersion": "2022-03-01",
            "name": "[concat(parameters('sites_calculator_storage_api_name'), '/86321207b3564caa92097f841e9ee8b6')]",
            "location": "Central US",
            "dependsOn": [
                "[resourceId('Microsoft.Web/sites', parameters('sites_calculator_storage_api_name'))]"
            ],
            "properties": {
                "status": 4,
                "author_email": "N/A",
                "author": "N/A",
                "deployer": "ZipDeploy",
                "message": "Created via a push deployment",
                "start_time": "2022-09-13T21:22:02.7569715Z",
                "end_time": "2022-09-13T21:22:04.5225978Z",
                "active": false
            }
        },
        {
            "type": "Microsoft.Web/sites/deployments",
            "apiVersion": "2022-03-01",
            "name": "[concat(parameters('sites_calculator_storage_api_name'), '/91d96ee3cbd8499fa068aca8900e785c')]",
            "location": "Central US",
            "dependsOn": [
                "[resourceId('Microsoft.Web/sites', parameters('sites_calculator_storage_api_name'))]"
            ],
            "properties": {
                "status": 4,
                "author_email": "N/A",
                "author": "N/A",
                "deployer": "ZipDeploy",
                "message": "Created via a push deployment",
                "start_time": "2022-09-15T02:01:11.7138137Z",
                "end_time": "2022-09-15T02:01:13.3391566Z",
                "active": true
            }
        },
        {
            "type": "Microsoft.Web/sites/deployments",
            "apiVersion": "2022-03-01",
            "name": "[concat(parameters('sites_mu_calculator_name'), '/ad9606764eb740bdbef14f2f2a288c4e')]",
            "location": "Central US",
            "dependsOn": [
                "[resourceId('Microsoft.Web/sites', parameters('sites_mu_calculator_name'))]"
            ],
            "properties": {
                "status": 4,
                "author_email": "N/A",
                "author": "N/A",
                "deployer": "ZipDeploy",
                "message": "Created via a push deployment",
                "start_time": "2022-09-13T21:15:36.2030345Z",
                "end_time": "2022-09-13T21:15:38.5889103Z",
                "active": false
            }
        },
        {
            "type": "Microsoft.Web/sites/deployments",
            "apiVersion": "2022-03-01",
            "name": "[concat(parameters('sites_mu_calculator_name'), '/b7bf96fdbcd1480186c7115b015297f0')]",
            "location": "Central US",
            "dependsOn": [
                "[resourceId('Microsoft.Web/sites', parameters('sites_mu_calculator_name'))]"
            ],
            "properties": {
                "status": 4,
                "author_email": "N/A",
                "author": "N/A",
                "deployer": "ZipDeploy",
                "message": "Created via a push deployment",
                "start_time": "2022-09-13T01:46:09.1089879Z",
                "end_time": "2022-09-13T01:46:11.0158692Z",
                "active": false
            }
        },
        {
            "type": "Microsoft.Web/sites/deployments",
            "apiVersion": "2022-03-01",
            "name": "[concat(parameters('sites_mu_calculator_name'), '/ba4a198dbaa84563b697c65dd8729098')]",
            "location": "Central US",
            "dependsOn": [
                "[resourceId('Microsoft.Web/sites', parameters('sites_mu_calculator_name'))]"
            ],
            "properties": {
                "status": 4,
                "author_email": "N/A",
                "author": "N/A",
                "deployer": "ZipDeploy",
                "message": "Created via a push deployment",
                "start_time": "2022-09-13T18:26:09.1030033Z",
                "end_time": "2022-09-13T18:26:11.069263Z",
                "active": false
            }
        },
        {
            "type": "Microsoft.Web/sites/deployments",
            "apiVersion": "2022-03-01",
            "name": "[concat(parameters('sites_mu_calculator_name'), '/c61ee73a50864444a59f85ad88fe5ae8')]",
            "location": "Central US",
            "dependsOn": [
                "[resourceId('Microsoft.Web/sites', parameters('sites_mu_calculator_name'))]"
            ],
            "properties": {
                "status": 4,
                "author_email": "N/A",
                "author": "N/A",
                "deployer": "ZipDeploy",
                "message": "Created via a push deployment",
                "start_time": "2022-09-13T18:21:07.9448755Z",
                "end_time": "2022-09-13T18:21:10.0386254Z",
                "active": false
            }
        },
        {
            "type": "Microsoft.Web/sites/deployments",
            "apiVersion": "2022-03-01",
            "name": "[concat(parameters('sites_QueueTopicConnector_name'), '/e486719fe0574be9857f9a21ccdbccf0')]",
            "location": "Central US",
            "dependsOn": [
                "[resourceId('Microsoft.Web/sites', parameters('sites_QueueTopicConnector_name'))]"
            ],
            "properties": {
                "status": 4,
                "author_email": "N/A",
                "author": "N/A",
                "deployer": "ZipDeploy",
                "message": "Created via a push deployment",
                "start_time": "2022-09-12T14:19:43.5181815Z",
                "end_time": "2022-09-12T14:19:45.2390779Z",
                "active": false
            }
        },
        {
            "type": "Microsoft.Web/sites/deployments",
            "apiVersion": "2022-03-01",
            "name": "[concat(parameters('sites_QueueTopicConnector_name'), '/f10cb463c79848b38946058cccab25e0')]",
            "location": "Central US",
            "dependsOn": [
                "[resourceId('Microsoft.Web/sites', parameters('sites_QueueTopicConnector_name'))]"
            ],
            "properties": {
                "status": 4,
                "author_email": "N/A",
                "author": "N/A",
                "deployer": "ZipDeploy",
                "message": "Created via a push deployment",
                "start_time": "2022-09-12T14:22:52.0516694Z",
                "end_time": "2022-09-12T14:22:54.1909642Z",
                "active": false
            }
        },
        {
            "type": "Microsoft.Web/sites/deployments",
            "apiVersion": "2022-03-01",
            "name": "[concat(parameters('sites_mu_calculator_name'), '/f4f84b0da87a4a3f91676657bca2200d')]",
            "location": "Central US",
            "dependsOn": [
                "[resourceId('Microsoft.Web/sites', parameters('sites_mu_calculator_name'))]"
            ],
            "properties": {
                "status": 4,
                "author_email": "N/A",
                "author": "N/A",
                "deployer": "ZipDeploy",
                "message": "Created via a push deployment",
                "start_time": "2022-09-11T20:11:30.1729247Z",
                "end_time": "2022-09-11T20:11:31.9610371Z",
                "active": false
            }
        },
        {
            "type": "Microsoft.Web/sites/deployments",
            "apiVersion": "2022-03-01",
            "name": "[concat(parameters('sites_mu_calculator_name'), '/fda145e0a6924e4f8c1dc962a8e5101d')]",
            "location": "Central US",
            "dependsOn": [
                "[resourceId('Microsoft.Web/sites', parameters('sites_mu_calculator_name'))]"
            ],
            "properties": {
                "status": 4,
                "author_email": "N/A",
                "author": "N/A",
                "deployer": "ZipDeploy",
                "message": "Created via a push deployment",
                "start_time": "2022-09-13T16:22:45.336908Z",
                "end_time": "2022-09-13T16:22:47.3057478Z",
                "active": false
            }
        },
        {
            "type": "Microsoft.Web/sites/deployments",
            "apiVersion": "2022-03-01",
            "name": "[concat(parameters('sites_calculator_storage_api_name'), '/fe2376fd1fef46c29e3f027f148e3670')]",
            "location": "Central US",
            "dependsOn": [
                "[resourceId('Microsoft.Web/sites', parameters('sites_calculator_storage_api_name'))]"
            ],
            "properties": {
                "status": 4,
                "author_email": "N/A",
                "author": "N/A",
                "deployer": "ZipDeploy",
                "message": "Created via a push deployment",
                "start_time": "2022-09-15T01:14:18.002574Z",
                "end_time": "2022-09-15T01:14:20.0499142Z",
                "active": false
            }
        },
        {
            "type": "Microsoft.Web/sites/functions",
            "apiVersion": "2022-03-01",
            "name": "[concat(parameters('sites_QueueTopicConnector_name'), '/ReadQWriteToTopic')]",
            "location": "Central US",
            "dependsOn": [
                "[resourceId('Microsoft.Web/sites', parameters('sites_QueueTopicConnector_name'))]"
            ],
            "properties": {
                "script_root_path_href": "https://queuetopicconnector.azurewebsites.net/admin/vfs/site/wwwroot/ReadQWriteToTopic/",
                "script_href": "https://queuetopicconnector.azurewebsites.net/admin/vfs/site/wwwroot/bin/QueueTopicConnector.dll",
                "config_href": "https://queuetopicconnector.azurewebsites.net/admin/vfs/site/wwwroot/ReadQWriteToTopic/function.json",
                "test_data_href": "https://queuetopicconnector.azurewebsites.net/admin/vfs/data/Functions/sampledata/ReadQWriteToTopic.dat",
                "href": "https://queuetopicconnector.azurewebsites.net/admin/functions/ReadQWriteToTopic",
                "config": {},
                "language": "DotNetAssembly",
                "isDisabled": false
            }
        },
        {
            "type": "Microsoft.Web/sites/functions",
            "apiVersion": "2022-03-01",
            "name": "[concat(parameters('sites_calculator_storage_api_name'), '/ReadTopicWriteBlob')]",
            "location": "Central US",
            "dependsOn": [
                "[resourceId('Microsoft.Web/sites', parameters('sites_calculator_storage_api_name'))]"
            ],
            "properties": {
                "script_root_path_href": "https://calculator-storage-api.azurewebsites.net/admin/vfs/site/wwwroot/ReadTopicWriteBlob/",
                "script_href": "https://calculator-storage-api.azurewebsites.net/admin/vfs/site/wwwroot/bin/DataStorageAPI.dll",
                "config_href": "https://calculator-storage-api.azurewebsites.net/admin/vfs/site/wwwroot/ReadTopicWriteBlob/function.json",
                "test_data_href": "https://calculator-storage-api.azurewebsites.net/admin/vfs/data/Functions/sampledata/ReadTopicWriteBlob.dat",
                "href": "https://calculator-storage-api.azurewebsites.net/admin/functions/ReadTopicWriteBlob",
                "config": {},
                "language": "DotNetAssembly",
                "isDisabled": false
            }
        },
        {
            "type": "Microsoft.Web/sites/functions",
            "apiVersion": "2022-03-01",
            "name": "[concat(parameters('sites_calculator_storage_api_name'), '/ReadTopicWriteCosmos')]",
            "location": "Central US",
            "dependsOn": [
                "[resourceId('Microsoft.Web/sites', parameters('sites_calculator_storage_api_name'))]"
            ],
            "properties": {
                "script_root_path_href": "https://calculator-storage-api.azurewebsites.net/admin/vfs/site/wwwroot/ReadTopicWriteCosmos/",
                "script_href": "https://calculator-storage-api.azurewebsites.net/admin/vfs/site/wwwroot/bin/DataStorageAPI.dll",
                "config_href": "https://calculator-storage-api.azurewebsites.net/admin/vfs/site/wwwroot/ReadTopicWriteCosmos/function.json",
                "test_data_href": "https://calculator-storage-api.azurewebsites.net/admin/vfs/data/Functions/sampledata/ReadTopicWriteCosmos.dat",
                "href": "https://calculator-storage-api.azurewebsites.net/admin/functions/ReadTopicWriteCosmos",
                "config": {},
                "language": "DotNetAssembly",
                "isDisabled": false
            }
        },
        {
            "type": "Microsoft.Web/sites/functions",
            "apiVersion": "2022-03-01",
            "name": "[concat(parameters('sites_calculator_storage_api_name'), '/ReadTopicWriteTable')]",
            "location": "Central US",
            "dependsOn": [
                "[resourceId('Microsoft.Web/sites', parameters('sites_calculator_storage_api_name'))]"
            ],
            "properties": {
                "script_root_path_href": "https://calculator-storage-api.azurewebsites.net/admin/vfs/site/wwwroot/ReadTopicWriteTable/",
                "script_href": "https://calculator-storage-api.azurewebsites.net/admin/vfs/site/wwwroot/bin/DataStorageAPI.dll",
                "config_href": "https://calculator-storage-api.azurewebsites.net/admin/vfs/site/wwwroot/ReadTopicWriteTable/function.json",
                "test_data_href": "https://calculator-storage-api.azurewebsites.net/admin/vfs/data/Functions/sampledata/ReadTopicWriteTable.dat",
                "href": "https://calculator-storage-api.azurewebsites.net/admin/functions/ReadTopicWriteTable",
                "config": {},
                "language": "DotNetAssembly",
                "isDisabled": false
            }
        },
        {
            "type": "Microsoft.Web/sites/functions",
            "apiVersion": "2022-03-01",
            "name": "[concat(parameters('sites_mu_calculator_name'), '/SubtractTwoNumbers')]",
            "location": "Central US",
            "dependsOn": [
                "[resourceId('Microsoft.Web/sites', parameters('sites_mu_calculator_name'))]"
            ],
            "properties": {
                "script_root_path_href": "https://mu-calculator.azurewebsites.net/admin/vfs/site/wwwroot/SubtractTwoNumbers/",
                "script_href": "https://mu-calculator.azurewebsites.net/admin/vfs/site/wwwroot/bin/CalculatorApi.dll",
                "config_href": "https://mu-calculator.azurewebsites.net/admin/vfs/site/wwwroot/SubtractTwoNumbers/function.json",
                "test_data_href": "https://mu-calculator.azurewebsites.net/admin/vfs/data/Functions/sampledata/SubtractTwoNumbers.dat",
                "href": "https://mu-calculator.azurewebsites.net/admin/functions/SubtractTwoNumbers",
                "config": {},
                "invoke_url_template": "https://mu-calculator.azurewebsites.net/api/subtracttwonumbers",
                "language": "DotNetAssembly",
                "isDisabled": false
            }
        },
        {
            "type": "Microsoft.Web/sites/functions",
            "apiVersion": "2022-03-01",
            "name": "[concat(parameters('sites_mu_calculator_name'), '/SumTwoNumbers')]",
            "location": "Central US",
            "dependsOn": [
                "[resourceId('Microsoft.Web/sites', parameters('sites_mu_calculator_name'))]"
            ],
            "properties": {
                "script_root_path_href": "https://mu-calculator.azurewebsites.net/admin/vfs/site/wwwroot/SumTwoNumbers/",
                "script_href": "https://mu-calculator.azurewebsites.net/admin/vfs/site/wwwroot/bin/CalculatorApi.dll",
                "config_href": "https://mu-calculator.azurewebsites.net/admin/vfs/site/wwwroot/SumTwoNumbers/function.json",
                "test_data_href": "https://mu-calculator.azurewebsites.net/admin/vfs/data/Functions/sampledata/SumTwoNumbers.dat",
                "href": "https://mu-calculator.azurewebsites.net/admin/functions/SumTwoNumbers",
                "config": {},
                "invoke_url_template": "https://mu-calculator.azurewebsites.net/api/sumtwonumbers",
                "language": "DotNetAssembly",
                "isDisabled": false
            }
        },
        {
            "type": "Microsoft.Web/sites/hostNameBindings",
            "apiVersion": "2022-03-01",
            "name": "[concat(parameters('sites_calculator_storage_api_name'), '/', parameters('sites_calculator_storage_api_name'), '.azurewebsites.net')]",
            "location": "Central US",
            "dependsOn": [
                "[resourceId('Microsoft.Web/sites', parameters('sites_calculator_storage_api_name'))]"
            ],
            "properties": {
                "siteName": "calculator-storage-api",
                "hostNameType": "Verified"
            }
        },
        {
            "type": "Microsoft.Web/sites/hostNameBindings",
            "apiVersion": "2022-03-01",
            "name": "[concat(parameters('sites_mu_calculator_name'), '/', parameters('sites_mu_calculator_name'), '.azurewebsites.net')]",
            "location": "Central US",
            "dependsOn": [
                "[resourceId('Microsoft.Web/sites', parameters('sites_mu_calculator_name'))]"
            ],
            "properties": {
                "siteName": "mu-calculator",
                "hostNameType": "Verified"
            }
        },
        {
            "type": "Microsoft.Web/sites/hostNameBindings",
            "apiVersion": "2022-03-01",
            "name": "[concat(parameters('sites_QueueTopicConnector_name'), '/', parameters('sites_QueueTopicConnector_name'), '.azurewebsites.net')]",
            "location": "Central US",
            "dependsOn": [
                "[resourceId('Microsoft.Web/sites', parameters('sites_QueueTopicConnector_name'))]"
            ],
            "properties": {
                "siteName": "QueueTopicConnector",
                "hostNameType": "Verified"
            }
        },
        {
            "type": "Microsoft.DocumentDB/databaseAccounts/sqlDatabases/containers",
            "apiVersion": "2022-05-15",
            "name": "[concat(parameters('databaseAccounts_calculator_cosmos_name'), '/Calculator/Equation')]",
            "dependsOn": [
                "[resourceId('Microsoft.DocumentDB/databaseAccounts/sqlDatabases', parameters('databaseAccounts_calculator_cosmos_name'), 'Calculator')]",
                "[resourceId('Microsoft.DocumentDB/databaseAccounts', parameters('databaseAccounts_calculator_cosmos_name'))]"
            ],
            "properties": {
                "resource": {
                    "id": "Equation",
                    "indexingPolicy": {
                        "indexingMode": "consistent",
                        "automatic": true,
                        "includedPaths": [
                            {
                                "path": "/*"
                            }
                        ],
                        "excludedPaths": [
                            {
                                "path": "/\"_etag\"/?"
                            }
                        ]
                    },
                    "partitionKey": {
                        "paths": [
                            "/id"
                        ],
                        "kind": "Hash"
                    },
                    "uniqueKeyPolicy": {
                        "uniqueKeys": []
                    },
                    "conflictResolutionPolicy": {
                        "mode": "LastWriterWins",
                        "conflictResolutionPath": "/_ts"
                    }
                }
            }
        },
        {
            "type": "Microsoft.DocumentDB/databaseAccounts/sqlDatabases/throughputSettings",
            "apiVersion": "2022-05-15",
            "name": "[concat(parameters('databaseAccounts_calculator_cosmos_name'), '/Calculator/default')]",
            "dependsOn": [
                "[resourceId('Microsoft.DocumentDB/databaseAccounts/sqlDatabases', parameters('databaseAccounts_calculator_cosmos_name'), 'Calculator')]",
                "[resourceId('Microsoft.DocumentDB/databaseAccounts', parameters('databaseAccounts_calculator_cosmos_name'))]"
            ],
            "properties": {
                "resource": {
                    "throughput": 100,
                    "autoscaleSettings": {
                        "maxThroughput": 1000
                    }
                }
            }
        },
        {
            "type": "Microsoft.ServiceBus/namespaces/topics/subscriptions",
            "apiVersion": "2022-01-01-preview",
            "name": "[concat(parameters('namespaces_calculator_service_bus_name'), '/multi-storage/blob-storage')]",
            "location": "westcentralus",
            "dependsOn": [
                "[resourceId('Microsoft.ServiceBus/namespaces/topics', parameters('namespaces_calculator_service_bus_name'), 'multi-storage')]",
                "[resourceId('Microsoft.ServiceBus/namespaces', parameters('namespaces_calculator_service_bus_name'))]"
            ],
            "properties": {
                "isClientAffine": false,
                "lockDuration": "PT30S",
                "requiresSession": false,
                "defaultMessageTimeToLive": "P14D",
                "deadLetteringOnMessageExpiration": false,
                "deadLetteringOnFilterEvaluationExceptions": false,
                "maxDeliveryCount": 100,
                "status": "Active",
                "enableBatchedOperations": true,
                "autoDeleteOnIdle": "P14D"
            }
        },
        {
            "type": "Microsoft.ServiceBus/namespaces/topics/subscriptions",
            "apiVersion": "2022-01-01-preview",
            "name": "[concat(parameters('namespaces_calculator_service_bus_name'), '/multi-storage/cosmos')]",
            "location": "westcentralus",
            "dependsOn": [
                "[resourceId('Microsoft.ServiceBus/namespaces/topics', parameters('namespaces_calculator_service_bus_name'), 'multi-storage')]",
                "[resourceId('Microsoft.ServiceBus/namespaces', parameters('namespaces_calculator_service_bus_name'))]"
            ],
            "properties": {
                "isClientAffine": false,
                "lockDuration": "PT30S",
                "requiresSession": false,
                "defaultMessageTimeToLive": "P14D",
                "deadLetteringOnMessageExpiration": false,
                "deadLetteringOnFilterEvaluationExceptions": false,
                "maxDeliveryCount": 100,
                "status": "Active",
                "enableBatchedOperations": true,
                "autoDeleteOnIdle": "P14D"
            }
        },
        {
            "type": "Microsoft.ServiceBus/namespaces/topics/subscriptions",
            "apiVersion": "2022-01-01-preview",
            "name": "[concat(parameters('namespaces_calculator_service_bus_name'), '/multi-storage/table-storage')]",
            "location": "westcentralus",
            "dependsOn": [
                "[resourceId('Microsoft.ServiceBus/namespaces/topics', parameters('namespaces_calculator_service_bus_name'), 'multi-storage')]",
                "[resourceId('Microsoft.ServiceBus/namespaces', parameters('namespaces_calculator_service_bus_name'))]"
            ],
            "properties": {
                "isClientAffine": false,
                "lockDuration": "PT30S",
                "requiresSession": false,
                "defaultMessageTimeToLive": "P14D",
                "deadLetteringOnMessageExpiration": false,
                "deadLetteringOnFilterEvaluationExceptions": false,
                "maxDeliveryCount": 100,
                "status": "Active",
                "enableBatchedOperations": true,
                "autoDeleteOnIdle": "P14D"
            }
        },
        {
            "type": "Microsoft.Storage/storageAccounts/blobServices/containers",
            "apiVersion": "2022-05-01",
            "name": "[concat(parameters('storageAccounts_calculator_name'), '/default/azure-webjobs-hosts')]",
            "dependsOn": [
                "[resourceId('Microsoft.Storage/storageAccounts/blobServices', parameters('storageAccounts_calculator_name'), 'default')]",
                "[resourceId('Microsoft.Storage/storageAccounts', parameters('storageAccounts_calculator_name'))]"
            ],
            "properties": {
                "immutableStorageWithVersioning": {
                    "enabled": false
                },
                "defaultEncryptionScope": "$account-encryption-key",
                "denyEncryptionScopeOverride": false,
                "publicAccess": "None"
            }
        },
        {
            "type": "Microsoft.Storage/storageAccounts/blobServices/containers",
            "apiVersion": "2022-05-01",
            "name": "[concat(parameters('storageAccounts_calculator_name'), '/default/azure-webjobs-secrets')]",
            "dependsOn": [
                "[resourceId('Microsoft.Storage/storageAccounts/blobServices', parameters('storageAccounts_calculator_name'), 'default')]",
                "[resourceId('Microsoft.Storage/storageAccounts', parameters('storageAccounts_calculator_name'))]"
            ],
            "properties": {
                "immutableStorageWithVersioning": {
                    "enabled": false
                },
                "defaultEncryptionScope": "$account-encryption-key",
                "denyEncryptionScopeOverride": false,
                "publicAccess": "None"
            }
        },
        {
            "type": "Microsoft.Storage/storageAccounts/blobServices/containers",
            "apiVersion": "2022-05-01",
            "name": "[concat(parameters('storageAccounts_calculator_name'), '/default/equation')]",
            "dependsOn": [
                "[resourceId('Microsoft.Storage/storageAccounts/blobServices', parameters('storageAccounts_calculator_name'), 'default')]",
                "[resourceId('Microsoft.Storage/storageAccounts', parameters('storageAccounts_calculator_name'))]"
            ],
            "properties": {
                "immutableStorageWithVersioning": {
                    "enabled": false
                },
                "defaultEncryptionScope": "$account-encryption-key",
                "denyEncryptionScopeOverride": false,
                "publicAccess": "None"
            }
        },
        {
            "type": "Microsoft.Storage/storageAccounts/fileServices/shares",
            "apiVersion": "2022-05-01",
            "name": "[concat(parameters('storageAccounts_calculator_name'), '/default/', parameters('storageAccounts_calculator_name'), '-storage-apia39a')]",
            "dependsOn": [
                "[resourceId('Microsoft.Storage/storageAccounts/fileServices', parameters('storageAccounts_calculator_name'), 'default')]",
                "[resourceId('Microsoft.Storage/storageAccounts', parameters('storageAccounts_calculator_name'))]"
            ],
            "properties": {
                "accessTier": "TransactionOptimized",
                "shareQuota": 5120,
                "enabledProtocols": "SMB"
            }
        },
        {
            "type": "Microsoft.Storage/storageAccounts/fileServices/shares",
            "apiVersion": "2022-05-01",
            "name": "[concat(parameters('storageAccounts_calculator_name'), '/default/mu-', parameters('storageAccounts_calculator_name'), 'a40a')]",
            "dependsOn": [
                "[resourceId('Microsoft.Storage/storageAccounts/fileServices', parameters('storageAccounts_calculator_name'), 'default')]",
                "[resourceId('Microsoft.Storage/storageAccounts', parameters('storageAccounts_calculator_name'))]"
            ],
            "properties": {
                "accessTier": "TransactionOptimized",
                "shareQuota": 5120,
                "enabledProtocols": "SMB"
            }
        },
        {
            "type": "Microsoft.Storage/storageAccounts/fileServices/shares",
            "apiVersion": "2022-05-01",
            "name": "[concat(parameters('storageAccounts_calculator_name'), '/default/queuetopicconnector8051')]",
            "dependsOn": [
                "[resourceId('Microsoft.Storage/storageAccounts/fileServices', parameters('storageAccounts_calculator_name'), 'default')]",
                "[resourceId('Microsoft.Storage/storageAccounts', parameters('storageAccounts_calculator_name'))]"
            ],
            "properties": {
                "accessTier": "TransactionOptimized",
                "shareQuota": 5120,
                "enabledProtocols": "SMB"
            }
        },
        {
            "type": "Microsoft.Storage/storageAccounts/tableServices/tables",
            "apiVersion": "2022-05-01",
            "name": "[concat(parameters('storageAccounts_calculator_name'), '/default/equation')]",
            "dependsOn": [
                "[resourceId('Microsoft.Storage/storageAccounts/tableServices', parameters('storageAccounts_calculator_name'), 'default')]",
                "[resourceId('Microsoft.Storage/storageAccounts', parameters('storageAccounts_calculator_name'))]"
            ],
            "properties": {}
        },
        {
            "type": "Microsoft.ServiceBus/namespaces/topics/subscriptions/rules",
            "apiVersion": "2022-01-01-preview",
            "name": "[concat(parameters('namespaces_calculator_service_bus_name'), '/multi-storage/blob-storage/$Default')]",
            "location": "westcentralus",
            "dependsOn": [
                "[resourceId('Microsoft.ServiceBus/namespaces/topics/subscriptions', parameters('namespaces_calculator_service_bus_name'), 'multi-storage', 'blob-storage')]",
                "[resourceId('Microsoft.ServiceBus/namespaces/topics', parameters('namespaces_calculator_service_bus_name'), 'multi-storage')]",
                "[resourceId('Microsoft.ServiceBus/namespaces', parameters('namespaces_calculator_service_bus_name'))]"
            ],
            "properties": {
                "action": {},
                "filterType": "SqlFilter",
                "sqlFilter": {
                    "sqlExpression": "1=1",
                    "compatibilityLevel": 20
                }
            }
        },
        {
            "type": "Microsoft.ServiceBus/namespaces/topics/subscriptions/rules",
            "apiVersion": "2022-01-01-preview",
            "name": "[concat(parameters('namespaces_calculator_service_bus_name'), '/multi-storage/cosmos/$Default')]",
            "location": "westcentralus",
            "dependsOn": [
                "[resourceId('Microsoft.ServiceBus/namespaces/topics/subscriptions', parameters('namespaces_calculator_service_bus_name'), 'multi-storage', 'cosmos')]",
                "[resourceId('Microsoft.ServiceBus/namespaces/topics', parameters('namespaces_calculator_service_bus_name'), 'multi-storage')]",
                "[resourceId('Microsoft.ServiceBus/namespaces', parameters('namespaces_calculator_service_bus_name'))]"
            ],
            "properties": {
                "action": {},
                "filterType": "SqlFilter",
                "sqlFilter": {
                    "sqlExpression": "1=1",
                    "compatibilityLevel": 20
                }
            }
        },
        {
            "type": "Microsoft.ServiceBus/namespaces/topics/subscriptions/rules",
            "apiVersion": "2022-01-01-preview",
            "name": "[concat(parameters('namespaces_calculator_service_bus_name'), '/multi-storage/table-storage/$Default')]",
            "location": "westcentralus",
            "dependsOn": [
                "[resourceId('Microsoft.ServiceBus/namespaces/topics/subscriptions', parameters('namespaces_calculator_service_bus_name'), 'multi-storage', 'table-storage')]",
                "[resourceId('Microsoft.ServiceBus/namespaces/topics', parameters('namespaces_calculator_service_bus_name'), 'multi-storage')]",
                "[resourceId('Microsoft.ServiceBus/namespaces', parameters('namespaces_calculator_service_bus_name'))]"
            ],
            "properties": {
                "action": {},
                "filterType": "SqlFilter",
                "sqlFilter": {
                    "sqlExpression": "1=1",
                    "compatibilityLevel": 20
                }
            }
        }
    ]
}